name,class,n_sources,n_gaussians,peak_flux_jy,rms_noise_jy,dynamic_range,mean_flux,std_flux,min_flux,max_flux,status
J1220+5334,WAT,33,43,0.028017005500214565,0.0004523495405763584,61.936628618030355,5.077088765497535e-05,0.0004523495405763584,-0.0004452009961245951,0.028017005500214565,success
J1459+5334,WAT,14,17,0.09082478241470704,0.0008919554014700156,101.82659611121852,6.55932809396008e-05,0.0008919554014700156,-0.0015250978907158173,0.09082478241470704,success
J1120+5308,WAT,27,43,0.2666149048659213,0.0028613854001528663,93.1768593114642,0.00013669156925077592,0.0028613854001528663,-0.002719304713750417,0.2666149048659213,success
J1434+4951,WAT,42,72,0.013392797356633412,0.0003872541697779465,34.58399780256184,6.0546504298890244e-05,0.0003872541697779465,-0.00036889852630262436,0.013392797356633412,success
J1147+5548,WAT,35,53,0.018053604123419283,0.0003173804210362428,56.8831689884162,2.1522960435226014e-05,0.0003173804210362428,-0.00024261285214244392,0.018053604123419283,success
J1347+5022,NAT,28,42,0.08531268910617593,0.0007936122654381092,107.49920688168741,3.263569345158985e-05,0.0007936122654381092,-0.0009221791043363114,0.08531268910617593,success
J1224+4905,WAT,32,42,0.008269432073970177,0.0002208049453689449,37.45129920053517,2.913570031369372e-05,0.0002208049453689449,-0.0002503309556102894,0.008269432073970177,success
J1523+5255,WAT,21,28,0.01650438083570686,0.0004483673122236767,36.80995555597802,2.7913440003887663e-05,0.0004483673122236767,-0.0004042634399861798,0.01650438083570686,success
J1359+4905,WAT,45,51,0.00917274050962866,0.00020274003720059078,45.243853341869325,2.6725337439723634e-05,0.00020274003720059078,-0.0002183190955719425,0.00917274050962866,success
J1306+5144,WAT,23,62,0.16172886528554176,0.002634091478338551,61.39834801316467,0.00015941830118844846,0.002634091478338551,-0.000892514111018738,0.16172886528554176,success
J1132+5459,NAT,49,58,0.005048282283631909,9.741180388177477e-05,51.824133035857024,5.877716858520154e-06,9.741180388177477e-05,-0.00025604984721803694,0.005048282283631909,success
J1238+4838,WAT,19,28,0.41081740717699206,0.0035346047948420726,116.22725340510029,7.615556640407222e-05,0.0035346047948420726,-0.0037890181371529057,0.41081740717699206,success
J1208+5458,WAT,41,48,0.008102421982815605,0.00016087162102269902,50.365763279480795,1.3878223843137324e-05,0.00016087162102269902,-0.00043767432531483544,0.008102421982815605,success
J1431+4743,WAT,20,30,0.05612000262364929,0.0006183889132519633,90.75195466963866,3.890724697744281e-05,0.0006183889132519633,-0.0006289145132958047,0.05612000262364929,success
J1431+5518,NAT,22,38,0.06809575106034804,0.0015590278057957942,43.67834287958006,7.135535959960588e-05,0.0015590278057957942,-0.0007439036505551571,0.06809575106034804,success
J1127+5533,WAT,47,57,0.0038785985385233206,8.763121691707614e-05,44.260466475018475,9.45743859927244e-06,8.763121691707614e-05,-0.0002284911284390884,0.0038785985385233206,success
J1147+4805,NAT,32,54,0.05065313670321092,0.0006369025079073758,79.53044001920834,3.7179707796384366e-05,0.0006369025079073758,-0.000848451485058897,0.05065313670321092,success
J1505+4706,NAT,20,52,0.12730080085150455,0.001792695866155114,71.01081854142558,0.00015052860640728512,0.001792695866155114,-0.001524670264277653,0.12730080085150455,success
J1121+5421,WAT,50,66,0.013263608002372775,0.0001799857177321424,73.69255832905523,1.1528934233588323e-05,0.0001799857177321424,-0.0002245200163313811,0.013263608002372775,success
J1057+4749,WAT,4,26,2.1137432966554144,0.1471512639537317,14.364425013162183,0.016907009867746816,0.1471512639537317,-0.39224002516183426,2.1137432966554144,success
J1249+4954,WAT,61,82,0.03836312957389612,0.0004717904483654574,81.31391745383397,3.79754770044499e-05,0.0004717904483654574,-0.00033404209131777495,0.03836312957389612,success
J1315+4841,WAT,54,80,0.06995645182114466,0.0011932115607953694,58.62870769917212,8.33976408388668e-05,0.0011932115607953694,-0.0003955170796913921,0.06995645182114466,success
J1224+5419,WAT,50,61,0.02201693591050866,0.00032945763120924504,66.82782192568267,3.150030887721358e-05,0.00032945763120924504,-0.00026506342975010725,0.02201693591050866,success
J1510+5146,NAT,31,48,0.01207411638672292,0.000319062834743935,37.84244064782113,3.912339101672314e-05,0.000319062834743935,-0.0002996355888205584,0.01207411638672292,success
J1325+5617,WAT,45,51,0.01302925184934815,0.00018635146968678213,69.91762324841118,2.355680226796758e-05,0.00018635146968678213,-0.00021462686964256533,0.01302925184934815,success
J1247+4852,WAT,49,68,0.02418273889437663,0.0003870780796176489,62.475092669324106,3.2507145285767824e-05,0.0003870780796176489,-0.00026286272683775767,0.02418273889437663,success
J1329+5246,NAT,36,50,0.021661484920500584,0.0003352514443398845,64.61265204435553,2.1249009608354232e-05,0.0003352514443398845,-0.00033267436695740433,0.021661484920500584,success
J1325+5544,NAT,48,68,0.37424009465196045,0.003200318066488299,116.93840639490348,8.861678230338992e-05,0.003200318066488299,-0.0011523968979744686,0.37424009465196045,success
J1115+4834,WAT,26,39,0.05313700406239106,0.0005209777344126201,101.99476974251259,4.8512833391822545e-05,0.0005209777344126201,-0.0014324073416327142,0.05313700406239106,success
J1426+5547,WAT,34,58,0.08325173706350628,0.00109620159538817,75.94564486473536,5.6931896354832664e-05,0.00109620159538817,-0.0010633083045558562,0.08325173706350628,success
J1346+5250,WAT,44,60,0.017449200655668774,0.00027991605108009237,62.337263577200275,3.439029469014473e-05,0.00027991605108009237,-0.0002560201227178712,0.017449200655668774,success
J1115+4729,WAT,41,52,0.01708143890376695,0.00021715626347156713,78.65966484546493,1.5021086294948335e-05,0.00021715626347156713,-0.00039444721845699547,0.01708143890376695,success
J1113+4952,WAT,18,28,0.015366075992133904,0.00037196551435505034,41.310485513091415,2.076148915324418e-05,0.00037196551435505034,-0.0002925051719226423,0.015366075992133904,success
J1236+5525,WAT,46,69,0.0491156947630447,0.0006648740178629274,73.8721824638522,3.789069651969322e-05,0.0006648740178629274,-0.00026246289988795,0.0491156947630447,success
J1101+5603,WAT,34,58,0.008912619457461947,0.0002481195348637106,35.92066808587866,2.31605532183652e-05,0.0002481195348637106,-0.0002788549683698795,0.008912619457461947,success
J1446+4841,WAT,20,26,0.021050260329021922,0.0003641907603258474,57.800094407084664,5.7174267237675624e-05,0.0003641907603258474,-0.0006864750725350375,0.021050260329021922,success
J1428+5520,WAT,34,53,0.023291272680866084,0.00047003021569387587,49.55271364093615,3.4555629455261525e-05,0.00047003021569387587,-0.0004028649566752615,0.023291272680866084,success
J1303+4935,WAT,51,90,0.029575158294262084,0.000512056190327045,57.75764233095734,5.3146524058671285e-05,0.000512056190327045,-0.00039624531000568837,0.029575158294262084,success
J1330+4730,WAT,60,77,0.027466526761158166,0.00031377997551014167,87.53435179062413,1.899841462873675e-05,0.00031377997551014167,-0.00023801449902469886,0.027466526761158166,success
J1114+4611,WAT,23,40,0.013111449119336219,0.0003968964261787685,33.03493872587961,3.3613981837999776e-05,0.0003968964261787685,-0.0003743756443670378,0.013111449119336219,success
J1207+4805,NAT,32,44,0.6417545267148264,0.0054912874815739345,116.8677707856745,0.0001559870147715045,0.0054912874815739345,-0.0037579567810864245,0.6417545267148264,success
J1303+4743,WAT,26,40,0.01710822685042311,0.0003532149532067924,48.435737771291265,2.1463196289298425e-05,0.0003532149532067924,-0.00035223582078912623,0.01710822685042311,success
J1105+4800,WAT,40,53,0.009707640901637452,0.00016552227043179271,58.648548478180224,1.3886590985005373e-05,0.00016552227043179271,-0.00027447749466599845,0.009707640901637452,success
J1439+5631,WAT,16,28,0.02266762103310311,0.00036951458900227077,61.344319568837946,1.8961334889247555e-05,0.00036951458900227077,-0.00025384922325446483,0.02266762103310311,success
J1303+5220,WAT,27,46,0.020591072033405065,0.0003462247581722642,59.47313572289355,2.8041648273806596e-05,0.0003462247581722642,-0.0002665490024672251,0.020591072033405065,success
J1506+5311,NAT,23,34,0.0099819326684787,0.0002428480648285579,41.10361215159606,4.059539531960731e-05,0.0002428480648285579,-0.00041444017405986496,0.0099819326684787,success
J1112+5151,WAT,26,42,0.01473826652456566,0.0002635745003283048,55.916890693932366,1.8169875537377412e-05,0.0002635745003283048,-0.00029899992282942414,0.01473826652456566,success
J1344+5552,WAT,28,38,0.22668500706991992,0.0020879459617848886,108.56842620397003,7.008793261254323e-05,0.0020879459617848886,-0.0005204711700707638,0.22668500706991992,success
J1154+4949,WAT,40,47,0.008324927454076217,0.00014804365349160037,56.23292358526232,6.369167418493728e-06,0.00014804365349160037,-0.0002390964686543426,0.008324927454076217,success
J1124+5546,WAT,47,53,0.0035478379656381943,8.263441734523962e-05,42.93414390296511,5.232552258906749e-06,8.263441734523962e-05,-0.00017108732311667084,0.0035478379656381943,success
J1147+4917,WAT,25,30,0.0034365112126759473,9.912915065865059e-05,34.667009551100776,4.820848173598868e-06,9.912915065865059e-05,-0.0002293454136282978,0.0034365112126759473,success
J1051+5041,WAT,4,26,2.1137432966554144,0.1471512639537317,14.364425013162183,0.016907009867746816,0.1471512639537317,-0.39224002516183426,2.1137432966554144,success
J1351+5216,WAT,31,38,0.016409848578312573,0.00018132799264177274,90.49815386602485,7.3692928197489256e-06,0.00018132799264177274,-0.00023399981259968907,0.016409848578312573,success
J1049+4619,WAT,4,26,2.1137432966554144,0.1471512639537317,14.364425013162183,0.016907009867746816,0.1471512639537317,-0.39224002516183426,2.1137432966554144,success
J1459+4947,WAT,39,91,0.49154124087218926,0.005400056850512932,91.02519741537527,0.00022688472048385425,0.005400056850512932,-0.0012854470628306685,0.49154124087218926,success
