name,class,ra,dec,size,status,file_path,error
J1049+4619,WAT,162.482875,46.322333,0.05,mock_created,agn_cutouts/agn_J1049+4619_WAT_ra162.482875_dec46.322333.fits,
J1051+5041,WAT,162.995792,50.699944,0.05,mock_created,agn_cutouts/agn_J1051+5041_WAT_ra162.995792_dec50.699944.fits,
J1057+4749,WAT,164.362375,47.824278,0.05,mock_created,agn_cutouts/agn_J1057+4749_WAT_ra164.362375_dec47.824278.fits,
J1101+5603,WAT,165.285417,56.055722,0.05,mock_created,agn_cutouts/agn_J1101+5603_WAT_ra165.285417_dec56.055722.fits,
J1105+4800,WAT,166.268625,48.012083,0.05,mock_created,agn_cutouts/agn_J1105+4800_WAT_ra166.268625_dec48.012083.fits,
J1112+5151,WAT,168.090292,51.857694,0.05,mock_created,agn_cutouts/agn_J1112+5151_WAT_ra168.090292_dec51.857694.fits,
J1113+4952,WAT,168.323333,49.866722,0.05,mock_created,agn_cutouts/agn_J1113+4952_WAT_ra168.323333_dec49.866722.fits,
J1114+4611,WAT,168.56875,46.187528,0.05,mock_created,agn_cutouts/agn_J1114+4611_WAT_ra168.568750_dec46.187528.fits,
J1115+4729,WAT,168.882,47.491583,0.05,mock_created,agn_cutouts/agn_J1115+4729_WAT_ra168.882000_dec47.491583.fits,
J1115+4834,WAT,168.921625,48.572056,0.05,mock_created,agn_cutouts/agn_J1115+4834_WAT_ra168.921625_dec48.572056.fits,
J1120+5308,WAT,170.170333,53.135944,0.05,mock_created,agn_cutouts/agn_J1120+5308_WAT_ra170.170333_dec53.135944.fits,
J1121+5421,WAT,170.307,54.359556,0.05,mock_created,agn_cutouts/agn_J1121+5421_WAT_ra170.307000_dec54.359556.fits,
J1124+5546,WAT,171.1045,55.770778,0.05,mock_created,agn_cutouts/agn_J1124+5546_WAT_ra171.104500_dec55.770778.fits,
J1127+5533,WAT,171.826667,55.558,0.05,mock_created,agn_cutouts/agn_J1127+5533_WAT_ra171.826667_dec55.558000.fits,
J1147+4917,WAT,176.965417,49.292028,0.05,mock_created,agn_cutouts/agn_J1147+4917_WAT_ra176.965417_dec49.292028.fits,
J1147+5548,WAT,176.815333,55.805389,0.05,mock_created,agn_cutouts/agn_J1147+5548_WAT_ra176.815333_dec55.805389.fits,
J1154+4949,WAT,178.553917,49.816944,0.05,mock_created,agn_cutouts/agn_J1154+4949_WAT_ra178.553917_dec49.816944.fits,
J1208+5458,WAT,182.024708,54.968667,0.05,mock_created,agn_cutouts/agn_J1208+5458_WAT_ra182.024708_dec54.968667.fits,
J1220+5334,WAT,185.20925,53.575944,0.05,mock_created,agn_cutouts/agn_J1220+5334_WAT_ra185.209250_dec53.575944.fits,
J1224+4905,WAT,186.052042,49.097722,0.05,mock_created,agn_cutouts/agn_J1224+4905_WAT_ra186.052042_dec49.097722.fits,
J1224+5419,WAT,186.207875,54.326167,0.05,mock_created,agn_cutouts/agn_J1224+5419_WAT_ra186.207875_dec54.326167.fits,
J1236+5525,WAT,189.197625,55.419611,0.05,mock_created,agn_cutouts/agn_J1236+5525_WAT_ra189.197625_dec55.419611.fits,
J1238+4838,WAT,189.74275,48.638472,0.05,mock_created,agn_cutouts/agn_J1238+4838_WAT_ra189.742750_dec48.638472.fits,
J1247+4852,WAT,191.927208,48.868306,0.05,mock_created,agn_cutouts/agn_J1247+4852_WAT_ra191.927208_dec48.868306.fits,
J1249+4954,WAT,192.413458,49.900861,0.05,mock_created,agn_cutouts/agn_J1249+4954_WAT_ra192.413458_dec49.900861.fits,
J1303+4743,WAT,195.952125,47.7215,0.05,mock_created,agn_cutouts/agn_J1303+4743_WAT_ra195.952125_dec47.721500.fits,
J1303+4935,WAT,195.865417,49.599028,0.05,mock_created,agn_cutouts/agn_J1303+4935_WAT_ra195.865417_dec49.599028.fits,
J1303+5220,WAT,195.885333,52.336194,0.05,mock_created,agn_cutouts/agn_J1303+5220_WAT_ra195.885333_dec52.336194.fits,
J1306+5144,WAT,196.545083,51.739611,0.05,mock_created,agn_cutouts/agn_J1306+5144_WAT_ra196.545083_dec51.739611.fits,
J1315+4841,WAT,198.882583,48.686583,0.05,mock_created,agn_cutouts/agn_J1315+4841_WAT_ra198.882583_dec48.686583.fits,
J1325+5617,WAT,201.26825,56.295083,0.05,mock_created,agn_cutouts/agn_J1325+5617_WAT_ra201.268250_dec56.295083.fits,
J1330+4730,WAT,202.636125,47.515444,0.05,mock_created,agn_cutouts/agn_J1330+4730_WAT_ra202.636125_dec47.515444.fits,
J1344+5552,WAT,206.18575,55.867583,0.05,mock_created,agn_cutouts/agn_J1344+5552_WAT_ra206.185750_dec55.867583.fits,
J1346+5250,WAT,206.528833,52.838222,0.05,mock_created,agn_cutouts/agn_J1346+5250_WAT_ra206.528833_dec52.838222.fits,
J1351+5216,WAT,207.961792,52.274917,0.05,mock_created,agn_cutouts/agn_J1351+5216_WAT_ra207.961792_dec52.274917.fits,
J1359+4905,WAT,209.935542,49.092694,0.05,mock_created,agn_cutouts/agn_J1359+4905_WAT_ra209.935542_dec49.092694.fits,
J1426+5547,WAT,216.526917,55.790694,0.05,mock_created,agn_cutouts/agn_J1426+5547_WAT_ra216.526917_dec55.790694.fits,
J1428+5520,WAT,217.17675,55.347639,0.05,mock_created,agn_cutouts/agn_J1428+5520_WAT_ra217.176750_dec55.347639.fits,
J1431+4743,WAT,217.960583,47.732528,0.05,mock_created,agn_cutouts/agn_J1431+4743_WAT_ra217.960583_dec47.732528.fits,
J1434+4951,WAT,218.674792,49.852694,0.05,mock_created,agn_cutouts/agn_J1434+4951_WAT_ra218.674792_dec49.852694.fits,
J1439+5631,WAT,219.8305,56.527611,0.05,mock_created,agn_cutouts/agn_J1439+5631_WAT_ra219.830500_dec56.527611.fits,
J1446+4841,WAT,221.528042,48.694444,0.05,mock_created,agn_cutouts/agn_J1446+4841_WAT_ra221.528042_dec48.694444.fits,
J1459+4947,WAT,224.927542,49.788194,0.05,mock_created,agn_cutouts/agn_J1459+4947_WAT_ra224.927542_dec49.788194.fits,
J1459+5334,WAT,224.899833,53.572167,0.05,mock_created,agn_cutouts/agn_J1459+5334_WAT_ra224.899833_dec53.572167.fits,
J1523+5255,WAT,230.86275,52.918722,0.05,mock_created,agn_cutouts/agn_J1523+5255_WAT_ra230.862750_dec52.918722.fits,
J1132+5459,NAT,173.00825,54.99775,0.03,mock_created,agn_cutouts/agn_J1132+5459_NAT_ra173.008250_dec54.997750.fits,
J1147+4805,NAT,176.951792,48.097,0.03,mock_created,agn_cutouts/agn_J1147+4805_NAT_ra176.951792_dec48.097000.fits,
J1207+4805,NAT,181.831,48.099639,0.03,mock_created,agn_cutouts/agn_J1207+4805_NAT_ra181.831000_dec48.099639.fits,
J1325+5544,NAT,201.45175,55.737417,0.03,mock_created,agn_cutouts/agn_J1325+5544_NAT_ra201.451750_dec55.737417.fits,
J1329+5246,NAT,202.289625,52.771083,0.03,mock_created,agn_cutouts/agn_J1329+5246_NAT_ra202.289625_dec52.771083.fits,
J1347+5022,NAT,206.754292,50.371639,0.03,mock_created,agn_cutouts/agn_J1347+5022_NAT_ra206.754292_dec50.371639.fits,
J1431+5518,NAT,217.818042,55.313861,0.03,mock_created,agn_cutouts/agn_J1431+5518_NAT_ra217.818042_dec55.313861.fits,
J1505+4706,NAT,226.410292,47.106222,0.03,mock_created,agn_cutouts/agn_J1505+4706_NAT_ra226.410292_dec47.106222.fits,
J1506+5311,NAT,226.512917,53.185917,0.03,mock_created,agn_cutouts/agn_J1506+5311_NAT_ra226.512917_dec53.185917.fits,
J1510+5146,NAT,227.5145,51.774472,0.03,mock_created,agn_cutouts/agn_J1510+5146_NAT_ra227.514500_dec51.774472.fits,
