name,class,ra,dec,file_path,filename,status,file_size_mb,shape,mean,std,min,max,rms,n_pixels,telescope,frequency,beam_maj,beam_min,units,peak_value,peak_location,background_rms,peak_snr
J1049+4619,WAT,162.482875,46.322333,./agn_cutouts/agn_J1049+4619_WAT_ra162.482875_dec46.322333.fits,agn_J1049+4619_WAT_ra162.482875_dec46.322333.fits,processed,0.11260986328125,"(120, 120)",0.016907009867746816,0.1471512639537317,-0.39224002516183426,2.1137432966554144,0.1481193487220657,14400,LOFAR,144000000,6.0,6.0,Jy/beam,2.1137432966554144,"(np.int64(65), np.int64(50))",0.08774805485863742,24.088776669302426
J1051+5041,WAT,162.995792,50.699944,./agn_cutouts/agn_J1051+5041_WAT_ra162.995792_dec50.699944.fits,agn_J1051+5041_WAT_ra162.995792_dec50.699944.fits,processed,0.11260986328125,"(120, 120)",0.016907009867746816,0.1471512639537317,-0.39224002516183426,2.1137432966554144,0.1481193487220657,14400,LOFAR,144000000,6.0,6.0,Jy/beam,2.1137432966554144,"(np.int64(65), np.int64(50))",0.08774805485863742,24.088776669302426
J1057+4749,WAT,164.362375,47.824278,./agn_cutouts/agn_J1057+4749_WAT_ra164.362375_dec47.824278.fits,agn_J1057+4749_WAT_ra164.362375_dec47.824278.fits,processed,0.11260986328125,"(120, 120)",0.016907009867746816,0.1471512639537317,-0.39224002516183426,2.1137432966554144,0.1481193487220657,14400,LOFAR,144000000,6.0,6.0,Jy/beam,2.1137432966554144,"(np.int64(65), np.int64(50))",0.08774805485863742,24.088776669302426
J1101+5603,WAT,165.285417,56.055722,./agn_cutouts/agn_J1101+5603_WAT_ra165.285417_dec56.055722.fits,agn_J1101+5603_WAT_ra165.285417_dec56.055722.fits,processed,1.2249755859375,"(400, 400)",2.31605532183652e-05,0.0002481195348637106,-0.0002788549683698795,0.008912619457461947,0.0002491981436655676,160000,LOFAR,Unknown,0.001666666666666667,0.001666666666666667,JY/BEAM,0.008912619457461947,"(np.int64(177), np.int64(261))",4.858126017076518e-05,183.45797178034726
J1105+4800,WAT,166.268625,48.012083,./agn_cutouts/agn_J1105+4800_WAT_ra166.268625_dec48.012083.fits,agn_J1105+4800_WAT_ra166.268625_dec48.012083.fits,processed,1.2249755859375,"(400, 400)",1.3886590985005373e-05,0.00016552227043179271,-0.00027447749466599845,0.009707640901637452,0.00016610376099920304,160000,LOFAR,Unknown,0.001666666666666667,0.001666666666666667,JY/BEAM,0.009707640901637452,"(np.int64(69), np.int64(50))",4.469768307268117e-05,217.1844318161242
J1112+5151,WAT,168.090292,51.857694,./agn_cutouts/agn_J1112+5151_WAT_ra168.090292_dec51.857694.fits,agn_J1112+5151_WAT_ra168.090292_dec51.857694.fits,processed,1.2249755859375,"(400, 400)",1.8169875537377412e-05,0.0002635745003283048,-0.00029899992282942414,0.01473826652456566,0.00026420004087879956,160000,LOFAR,Unknown,0.001666666666666667,0.001666666666666667,JY/BEAM,0.01473826652456566,"(np.int64(322), np.int64(194))",6.183714429616491e-05,238.34002511464158
J1113+4952,WAT,168.323333,49.866722,./agn_cutouts/agn_J1113+4952_WAT_ra168.323333_dec49.866722.fits,agn_J1113+4952_WAT_ra168.323333_dec49.866722.fits,processed,1.2249755859375,"(400, 400)",2.076148915324418e-05,0.00037196551435505034,-0.0002925051719226423,0.015366075992133904,0.0003725444715752435,160000,LOFAR,Unknown,0.001666666666666667,0.001666666666666667,JY/BEAM,0.015366075992133904,"(np.int64(200), np.int64(200))",5.7649876537951986e-05,266.5413512554208
J1114+4611,WAT,168.56875,46.187528,./agn_cutouts/agn_J1114+4611_WAT_ra168.56875_dec46.187528.fits,agn_J1114+4611_WAT_ra168.56875_dec46.187528.fits,processed,1.2249755859375,"(400, 400)",3.3613981837999776e-05,0.0003968964261787685,-0.0003743756443670378,0.013111449119336219,0.000398317301768934,160000,LOFAR,Unknown,0.001666666666666667,0.001666666666666667,JY/BEAM,0.013111449119336219,"(np.int64(199), np.int64(198))",6.700615783668967e-05,195.67528631162548
J1115+4729,WAT,168.882,47.491583,./agn_cutouts/agn_J1115+4729_WAT_ra168.882_dec47.491583.fits,agn_J1115+4729_WAT_ra168.882_dec47.491583.fits,processed,1.2249755859375,"(400, 400)",1.5021086294948335e-05,0.00021715626347156713,-0.00039444721845699547,0.01708143890376695,0.00021767516118843913,160000,LOFAR,Unknown,0.001666666666666667,0.001666666666666667,JY/BEAM,0.01708143890376695,"(np.int64(241), np.int64(386))",5.767564641828274e-05,296.1638050813812
J1115+4834,WAT,168.921625,48.572056,./agn_cutouts/agn_J1115+4834_WAT_ra168.921625_dec48.572056.fits,agn_J1115+4834_WAT_ra168.921625_dec48.572056.fits,processed,1.2249755859375,"(400, 400)",4.8512833391822545e-05,0.0005209777344126201,-0.0014324073416327142,0.05313700406239106,0.0005232315880730151,160000,LOFAR,Unknown,0.001666666666666667,0.001666666666666667,JY/BEAM,0.05313700406239106,"(np.int64(72), np.int64(0))",8.163116594619453e-05,650.9401580447252
J1120+5308,WAT,170.170333,53.135944,./agn_cutouts/agn_J1120+5308_WAT_ra170.170333_dec53.135944.fits,agn_J1120+5308_WAT_ra170.170333_dec53.135944.fits,processed,1.2249755859375,"(400, 400)",0.00013669156925077592,0.0028613854001528663,-0.002719304713750417,0.2666149048659213,0.0028646484938491534,160000,LOFAR,Unknown,0.001666666666666667,0.001666666666666667,JY/BEAM,0.2666149048659213,"(np.int64(78), np.int64(198))",0.00014336067374786401,1859.7492457020048
J1121+5421,WAT,170.307,54.359556,./agn_cutouts/agn_J1121+5421_WAT_ra170.307_dec54.359556.fits,agn_J1121+5421_WAT_ra170.307_dec54.359556.fits,processed,1.2249755859375,"(400, 400)",1.1528934233588323e-05,0.0001799857177321424,-0.0002245200163313811,0.013263608002372775,0.0001803545810677312,160000,LOFAR,Unknown,0.001666666666666667,0.001666666666666667,JY/BEAM,0.013263608002372775,"(np.int64(200), np.int64(202))",4.414340168951576e-05,300.4663776403742
J1124+5546,WAT,171.1045,55.770778,./agn_cutouts/agn_J1124+5546_WAT_ra171.1045_dec55.770778.fits,agn_J1124+5546_WAT_ra171.1045_dec55.770778.fits,processed,1.2249755859375,"(400, 400)",5.232552258906749e-06,8.263441734523962e-05,-0.00017108732311667084,0.0035478379656381943,8.279991867827786e-05,160000,LOFAR,Unknown,0.001666666666666667,0.001666666666666667,JY/BEAM,0.0035478379656381943,"(np.int64(192), np.int64(212))",3.8311385676085753e-05,92.60531570521556
J1127+5533,WAT,171.826667,55.558,./agn_cutouts/agn_J1127+5533_WAT_ra171.826667_dec55.558.fits,agn_J1127+5533_WAT_ra171.826667_dec55.558.fits,processed,1.2249755859375,"(400, 400)",9.45743859927244e-06,8.763121691707614e-05,-0.0002284911284390884,0.0038785985385233206,8.814007784899364e-05,160000,LOFAR,Unknown,0.001666666666666667,0.001666666666666667,JY/BEAM,0.0038785985385233206,"(np.int64(200), np.int64(201))",4.112828887974749e-05,94.3048846467627
J1147+4917,WAT,176.965417,49.292028,./agn_cutouts/agn_J1147+4917_WAT_ra176.965417_dec49.292028.fits,agn_J1147+4917_WAT_ra176.965417_dec49.292028.fits,processed,1.2249755859375,"(400, 400)",4.820848173598868e-06,9.912915065865059e-05,-0.0002293454136282978,0.0034365112126759473,9.924630515751374e-05,160000,LOFAR,Unknown,0.001666666666666667,0.001666666666666667,JY/BEAM,0.0034365112126759473,"(np.int64(188), np.int64(203))",4.273487950005927e-05,80.41466953641887
J1147+5548,WAT,176.815333,55.805389,./agn_cutouts/agn_J1147+5548_WAT_ra176.815333_dec55.805389.fits,agn_J1147+5548_WAT_ra176.815333_dec55.805389.fits,processed,1.2249755859375,"(400, 400)",2.1522960435226014e-05,0.0003173804210362428,-0.00024261285214244392,0.018053604123419283,0.0003181093671727367,160000,LOFAR,Unknown,0.001666666666666667,0.001666666666666667,JY/BEAM,0.018053604123419283,"(np.int64(98), np.int64(50))",5.026303221646202e-05,359.1825508192562
J1154+4949,WAT,178.553917,49.816944,./agn_cutouts/agn_J1154+4949_WAT_ra178.553917_dec49.816944.fits,agn_J1154+4949_WAT_ra178.553917_dec49.816944.fits,processed,1.2249755859375,"(400, 400)",6.369167418493728e-06,0.00014804365349160037,-0.0002390964686543426,0.008324927454076217,0.00014818059803073358,160000,LOFAR,Unknown,0.001666666666666667,0.001666666666666667,JY/BEAM,0.008324927454076217,"(np.int64(184), np.int64(199))",4.290167293498353e-05,194.04668593442608
J1208+5458,WAT,182.024708,54.968667,./agn_cutouts/agn_J1208+5458_WAT_ra182.024708_dec54.968667.fits,agn_J1208+5458_WAT_ra182.024708_dec54.968667.fits,processed,1.2249755859375,"(400, 400)",1.3878223843137324e-05,0.00016087162102269902,-0.00043767432531483544,0.008102421982815605,0.00016146914116174372,160000,LOFAR,Unknown,0.001666666666666667,0.001666666666666667,JY/BEAM,0.008102421982815605,"(np.int64(265), np.int64(76))",5.953195550905251e-05,136.10206339658268
J1220+5334,WAT,185.20925,53.575944,./agn_cutouts/agn_J1220+5334_WAT_ra185.20925_dec53.575944.fits,agn_J1220+5334_WAT_ra185.20925_dec53.575944.fits,processed,1.2249755859375,"(400, 400)",5.077088765497535e-05,0.0004523495405763584,-0.0004452009961245951,0.028017005500214565,0.00045518983939991096,160000,LOFAR,Unknown,0.001666666666666667,0.001666666666666667,JY/BEAM,0.028017005500214565,"(np.int64(39), np.int64(296))",5.224584652065973e-05,536.2532596564537
J1224+4905,WAT,186.052042,49.097722,./agn_cutouts/agn_J1224+4905_WAT_ra186.052042_dec49.097722.fits,agn_J1224+4905_WAT_ra186.052042_dec49.097722.fits,processed,1.2249755859375,"(400, 400)",2.913570031369372e-05,0.0002208049453689449,-0.0002503309556102894,0.008269432073970177,0.0002227189101359651,160000,LOFAR,Unknown,0.001666666666666667,0.001666666666666667,JY/BEAM,0.008269432073970177,"(np.int64(175), np.int64(65))",4.67684881616709e-05,176.81632225065997
J1224+5419,WAT,186.207875,54.326167,./agn_cutouts/agn_J1224+5419_WAT_ra186.207875_dec54.326167.fits,agn_J1224+5419_WAT_ra186.207875_dec54.326167.fits,processed,1.2249755859375,"(400, 400)",3.150030887721358e-05,0.00032945763120924504,-0.00026506342975010725,0.02201693591050866,0.00033096011877772636,160000,LOFAR,Unknown,0.001666666666666667,0.001666666666666667,JY/BEAM,0.02201693591050866,"(np.int64(118), np.int64(355))",4.532374019299113e-05,485.77049945038215
J1236+5525,WAT,189.197625,55.419611,./agn_cutouts/agn_J1236+5525_WAT_ra189.197625_dec55.419611.fits,agn_J1236+5525_WAT_ra189.197625_dec55.419611.fits,processed,1.2249755859375,"(400, 400)",3.789069651969322e-05,0.0006648740178629274,-0.00026246289988795,0.0491156947630447,0.000665952824539351,160000,LOFAR,Unknown,0.001666666666666667,0.001666666666666667,JY/BEAM,0.0491156947630447,"(np.int64(164), np.int64(155))",4.503040267730145e-05,1090.7229747648366
J1238+4838,WAT,189.74275,48.638472,./agn_cutouts/agn_J1238+4838_WAT_ra189.74275_dec48.638472.fits,agn_J1238+4838_WAT_ra189.74275_dec48.638472.fits,processed,1.2249755859375,"(400, 400)",7.615556640407222e-05,0.0035346047948420726,-0.0037890181371529057,0.41081740717699206,0.0035354251124885805,160000,LOFAR,Unknown,0.001666666666666667,0.001666666666666667,JY/BEAM,0.41081740717699206,"(np.int64(22), np.int64(120))",0.0001283098839717356,3201.7596342576994
J1247+4852,WAT,191.927208,48.868306,./agn_cutouts/agn_J1247+4852_WAT_ra191.927208_dec48.868306.fits,agn_J1247+4852_WAT_ra191.927208_dec48.868306.fits,processed,1.2249755859375,"(400, 400)",3.2507145285767824e-05,0.0003870780796176489,-0.00026286272683775767,0.02418273889437663,0.00038844067013524345,160000,LOFAR,Unknown,0.001666666666666667,0.001666666666666667,JY/BEAM,0.02418273889437663,"(np.int64(197), np.int64(198))",4.7637912544692586e-05,507.63640979627405
J1249+4954,WAT,192.413458,49.900861,./agn_cutouts/agn_J1249+4954_WAT_ra192.413458_dec49.900861.fits,agn_J1249+4954_WAT_ra192.413458_dec49.900861.fits,processed,1.2249755859375,"(400, 400)",3.79754770044499e-05,0.0004717904483654574,-0.00033404209131777495,0.03836312957389612,0.00047331634666742165,160000,LOFAR,Unknown,0.001666666666666667,0.001666666666666667,JY/BEAM,0.03836312957389612,"(np.int64(72), np.int64(145))",4.96334395194128e-05,772.9290967008524
J1303+4743,WAT,195.952125,47.7215,./agn_cutouts/agn_J1303+4743_WAT_ra195.952125_dec47.7215.fits,agn_J1303+4743_WAT_ra195.952125_dec47.7215.fits,processed,1.2249755859375,"(400, 400)",2.1463196289298425e-05,0.0003532149532067924,-0.00035223582078912623,0.01710822685042311,0.0003538664606371018,160000,LOFAR,Unknown,0.001666666666666667,0.001666666666666667,JY/BEAM,0.01710822685042311,"(np.int64(169), np.int64(219))",5.182065221541086e-05,330.14302443177905
J1303+4935,WAT,195.865417,49.599028,./agn_cutouts/agn_J1303+4935_WAT_ra195.865417_dec49.599028.fits,agn_J1303+4935_WAT_ra195.865417_dec49.599028.fits,processed,1.2249755859375,"(400, 400)",5.3146524058671285e-05,0.000512056190327045,-0.00039624531000568837,0.029575158294262084,0.000514806852199702,160000,LOFAR,Unknown,0.001666666666666667,0.001666666666666667,JY/BEAM,0.029575158294262084,"(np.int64(145), np.int64(42))",5.002746985321422e-05,591.1783742219758
J1303+5220,WAT,195.885333,52.336194,./agn_cutouts/agn_J1303+5220_WAT_ra195.885333_dec52.336194.fits,agn_J1303+5220_WAT_ra195.885333_dec52.336194.fits,processed,1.2249755859375,"(400, 400)",2.8041648273806596e-05,0.0003462247581722642,-0.0002665490024672251,0.020591072033405065,0.00034735848515525666,160000,LOFAR,Unknown,0.001666666666666667,0.001666666666666667,JY/BEAM,0.020591072033405065,"(np.int64(394), np.int64(151))",5.139658718769258e-05,400.63111502344657
J1306+5144,WAT,196.545083,51.739611,./agn_cutouts/agn_J1306+5144_WAT_ra196.545083_dec51.739611.fits,agn_J1306+5144_WAT_ra196.545083_dec51.739611.fits,processed,1.2249755859375,"(400, 400)",0.00015941830118844846,0.002634091478338551,-0.000892514111018738,0.16172886528554176,0.0026389111601207013,160000,LOFAR,Unknown,0.001666666666666667,0.001666666666666667,JY/BEAM,0.16172886528554176,"(np.int64(264), np.int64(300))",6.62450431820156e-05,2441.3730826799188
J1315+4841,WAT,198.882583,48.686583,./agn_cutouts/agn_J1315+4841_WAT_ra198.882583_dec48.686583.fits,agn_J1315+4841_WAT_ra198.882583_dec48.686583.fits,processed,1.2249755859375,"(400, 400)",8.33976408388668e-05,0.0011932115607953694,-0.0003955170796913921,0.06995645182114466,0.0011961224834076193,160000,LOFAR,Unknown,0.001666666666666667,0.001666666666666667,JY/BEAM,0.06995645182114466,"(np.int64(201), np.int64(201))",4.6132351233214555e-05,1516.4293592470772
J1325+5617,WAT,201.26825,56.295083,./agn_cutouts/agn_J1325+5617_WAT_ra201.26825_dec56.295083.fits,agn_J1325+5617_WAT_ra201.26825_dec56.295083.fits,processed,1.2249755859375,"(400, 400)",2.355680226796758e-05,0.00018635146968678213,-0.00021462686964256533,0.01302925184934815,0.0001878344834888307,160000,LOFAR,Unknown,0.001666666666666667,0.001666666666666667,JY/BEAM,0.01302925184934815,"(np.int64(222), np.int64(41))",4.7659159692785544e-05,273.3840028514071
J1330+4730,WAT,202.636125,47.515444,./agn_cutouts/agn_J1330+4730_WAT_ra202.636125_dec47.515444.fits,agn_J1330+4730_WAT_ra202.636125_dec47.515444.fits,processed,1.2249755859375,"(400, 400)",1.899841462873675e-05,0.00031377997551014167,-0.00023801449902469886,0.027466526761158166,0.0003143545972139591,160000,LOFAR,Unknown,0.001666666666666667,0.001666666666666667,JY/BEAM,0.027466526761158166,"(np.int64(199), np.int64(201))",4.460420745529745e-05,615.7833157036868
J1344+5552,WAT,206.18575,55.867583,./agn_cutouts/agn_J1344+5552_WAT_ra206.18575_dec55.867583.fits,agn_J1344+5552_WAT_ra206.18575_dec55.867583.fits,processed,1.2249755859375,"(400, 400)",7.008793261254323e-05,0.0020879459617848886,-0.0005204711700707638,0.22668500706991992,0.002089121982468167,160000,LOFAR,Unknown,0.001666666666666667,0.001666666666666667,JY/BEAM,0.22668500706991992,"(np.int64(247), np.int64(215))",6.0100536601816154e-05,3771.7634465025694
J1346+5250,WAT,206.528833,52.838222,./agn_cutouts/agn_J1346+5250_WAT_ra206.528833_dec52.838222.fits,agn_J1346+5250_WAT_ra206.528833_dec52.838222.fits,processed,1.2249755859375,"(400, 400)",3.439029469014473e-05,0.00027991605108009237,-0.0002560201227178712,0.017449200655668774,0.0002820207226803518,160000,LOFAR,Unknown,0.001666666666666667,0.001666666666666667,JY/BEAM,0.017449200655668774,"(np.int64(327), np.int64(167))",5.346619695440777e-05,326.35948785637834
J1351+5216,WAT,207.961792,52.274917,./agn_cutouts/agn_J1351+5216_WAT_ra207.961792_dec52.274917.fits,agn_J1351+5216_WAT_ra207.961792_dec52.274917.fits,processed,1.2249755859375,"(400, 400)",7.3692928197489256e-06,0.00018132799264177274,-0.00023399981259968907,0.016409848578312573,0.0001814776773935516,160000,LOFAR,Unknown,0.001666666666666667,0.001666666666666667,JY/BEAM,0.016409848578312573,"(np.int64(219), np.int64(211))",5.044319763169263e-05,325.31340891844127
J1359+4905,WAT,209.935542,49.092694,./agn_cutouts/agn_J1359+4905_WAT_ra209.935542_dec49.092694.fits,agn_J1359+4905_WAT_ra209.935542_dec49.092694.fits,processed,1.2249755859375,"(400, 400)",2.6725337439723634e-05,0.00020274003720059078,-0.0002183190955719425,0.00917274050962866,0.0002044939274046152,160000,LOFAR,Unknown,0.001666666666666667,0.001666666666666667,JY/BEAM,0.00917274050962866,"(np.int64(201), np.int64(201))",4.8531498094571e-05,189.00592130401955
J1426+5547,WAT,216.526917,55.790694,./agn_cutouts/agn_J1426+5547_WAT_ra216.526917_dec55.790694.fits,agn_J1426+5547_WAT_ra216.526917_dec55.790694.fits,processed,1.2249755859375,"(400, 400)",5.6931896354832664e-05,0.00109620159538817,-0.0010633083045558562,0.08325173706350628,0.0010976789961341733,160000,LOFAR,Unknown,0.001666666666666667,0.001666666666666667,JY/BEAM,0.08325173706350628,"(np.int64(128), np.int64(313))",6.006985024004294e-05,1385.915508875535
J1428+5520,WAT,217.17675,55.347639,./agn_cutouts/agn_J1428+5520_WAT_ra217.17675_dec55.347639.fits,agn_J1428+5520_WAT_ra217.17675_dec55.347639.fits,processed,1.2249755859375,"(400, 400)",3.4555629455261525e-05,0.00047003021569387587,-0.0004028649566752615,0.023291272680866084,0.0004712987324322873,160000,LOFAR,Unknown,0.001666666666666667,0.001666666666666667,JY/BEAM,0.023291272680866084,"(np.int64(29), np.int64(76))",5.2989001293820754e-05,439.5491915712359
J1431+4743,WAT,217.960583,47.732528,./agn_cutouts/agn_J1431+4743_WAT_ra217.960583_dec47.732528.fits,agn_J1431+4743_WAT_ra217.960583_dec47.732528.fits,processed,1.2249755859375,"(400, 400)",3.890724697744281e-05,0.0006183889132519633,-0.0006289145132958047,0.05612000262364929,0.0006196116702421831,160000,LOFAR,Unknown,0.001666666666666667,0.001666666666666667,JY/BEAM,0.05612000262364929,"(np.int64(200), np.int64(201))",6.713033057360515e-05,835.9857927724105
J1434+4951,WAT,218.674792,49.852694,./agn_cutouts/agn_J1434+4951_WAT_ra218.674792_dec49.852694.fits,agn_J1434+4951_WAT_ra218.674792_dec49.852694.fits,processed,1.2249755859375,"(400, 400)",6.0546504298890244e-05,0.0003872541697779465,-0.00036889852630262436,0.013392797356633412,0.00039195876210798265,160000,LOFAR,Unknown,0.001666666666666667,0.001666666666666667,JY/BEAM,0.013392797356633412,"(np.int64(382), np.int64(43))",5.513772619710921e-05,242.8971646156779
J1439+5631,WAT,219.8305,56.527611,./agn_cutouts/agn_J1439+5631_WAT_ra219.8305_dec56.527611.fits,agn_J1439+5631_WAT_ra219.8305_dec56.527611.fits,processed,1.2249755859375,"(400, 400)",1.8961334889247555e-05,0.00036951458900227077,-0.00025384922325446483,0.02266762103310311,0.0003700007617644852,160000,LOFAR,Unknown,0.001666666666666667,0.001666666666666667,JY/BEAM,0.02266762103310311,"(np.int64(83), np.int64(328))",5.1652067092174474e-05,438.8521565391012
J1446+4841,WAT,221.528042,48.694444,./agn_cutouts/agn_J1446+4841_WAT_ra221.528042_dec48.694444.fits,agn_J1446+4841_WAT_ra221.528042_dec48.694444.fits,processed,1.2249755859375,"(400, 400)",5.7174267237675624e-05,0.0003641907603258474,-0.0006864750725350375,0.021050260329021922,0.00036865133492350734,160000,LOFAR,Unknown,0.001666666666666667,0.001666666666666667,JY/BEAM,0.021050260329021922,"(np.int64(319), np.int64(137))",8.294004641049394e-05,253.80092295630246
J1459+4947,WAT,224.927542,49.788194,./agn_cutouts/agn_J1459+4947_WAT_ra224.927542_dec49.788194.fits,agn_J1459+4947_WAT_ra224.927542_dec49.788194.fits,processed,1.2249755859375,"(400, 400)",0.00022688472048385425,0.005400056850512932,-0.0012854470628306685,0.49154124087218926,0.005404821057644804,160000,LOFAR,Unknown,0.001666666666666667,0.001666666666666667,JY/BEAM,0.49154124087218926,"(np.int64(94), np.int64(351))",7.057137320672629e-05,6965.164747925573
J1459+5334,WAT,224.899833,53.572167,./agn_cutouts/agn_J1459+5334_WAT_ra224.899833_dec53.572167.fits,agn_J1459+5334_WAT_ra224.899833_dec53.572167.fits,processed,1.2249755859375,"(400, 400)",6.55932809396008e-05,0.0008919554014700156,-0.0015250978907158173,0.09082478241470704,0.0008943639732882573,160000,LOFAR,Unknown,0.001666666666666667,0.001666666666666667,JY/BEAM,0.09082478241470704,"(np.int64(9), np.int64(265))",8.134329636490948e-05,1116.5613698179036
J1523+5255,WAT,230.86275,52.918722,./agn_cutouts/agn_J1523+5255_WAT_ra230.86275_dec52.918722.fits,agn_J1523+5255_WAT_ra230.86275_dec52.918722.fits,processed,1.2249755859375,"(400, 400)",2.7913440003887663e-05,0.0004483673122236767,-0.0004042634399861798,0.01650438083570686,0.0004492353579178008,160000,LOFAR,Unknown,0.001666666666666667,0.001666666666666667,JY/BEAM,0.01650438083570686,"(np.int64(189), np.int64(183))",6.0785586587718647e-05,271.51799895670445
J1132+5459,NAT,173.00825,54.99775,./agn_cutouts/agn_J1132+5459_NAT_ra173.00825_dec54.99775.fits,agn_J1132+5459_NAT_ra173.00825_dec54.99775.fits,processed,1.2249755859375,"(400, 400)",5.877716858520154e-06,9.741180388177477e-05,-0.00025604984721803694,0.005048282283631909,9.758897012967333e-05,160000,LOFAR,Unknown,0.001666666666666667,0.001666666666666667,JY/BEAM,0.005048282283631909,"(np.int64(176), np.int64(205))",4.558468310968423e-05,110.74514374674742
J1147+4805,NAT,176.951792,48.097,./agn_cutouts/agn_J1147+4805_NAT_ra176.951792_dec48.097.fits,agn_J1147+4805_NAT_ra176.951792_dec48.097.fits,processed,1.2249755859375,"(400, 400)",3.7179707796384366e-05,0.0006369025079073758,-0.000848451485058897,0.05065313670321092,0.0006379867829747961,160000,LOFAR,Unknown,0.001666666666666667,0.001666666666666667,JY/BEAM,0.05065313670321092,"(np.int64(261), np.int64(206))",5.155578932417297e-05,982.4917311364134
J1207+4805,NAT,181.831,48.099639,./agn_cutouts/agn_J1207+4805_NAT_ra181.831_dec48.099639.fits,agn_J1207+4805_NAT_ra181.831_dec48.099639.fits,processed,1.2249755859375,"(400, 400)",0.0001559870147715045,0.0054912874815739345,-0.0037579567810864245,0.6417545267148264,0.0054935025397343665,160000,LOFAR,Unknown,0.001666666666666667,0.001666666666666667,JY/BEAM,0.6417545267148264,"(np.int64(37), np.int64(315))",0.00015407755538443096,4165.139595534325
J1325+5544,NAT,201.45175,55.737417,./agn_cutouts/agn_J1325+5544_NAT_ra201.45175_dec55.737417.fits,agn_J1325+5544_NAT_ra201.45175_dec55.737417.fits,processed,1.2249755859375,"(400, 400)",8.861678230338992e-05,0.003200318066488299,-0.0011523968979744686,0.37424009465196045,0.0032015447304070597,160000,LOFAR,Unknown,0.001666666666666667,0.001666666666666667,JY/BEAM,0.37424009465196045,"(np.int64(50), np.int64(369))",6.316092628817954e-05,5925.183759092508
J1329+5246,NAT,202.289625,52.771083,./agn_cutouts/agn_J1329+5246_NAT_ra202.289625_dec52.771083.fits,agn_J1329+5246_NAT_ra202.289625_dec52.771083.fits,processed,1.2249755859375,"(400, 400)",2.1249009608354232e-05,0.0003352514443398845,-0.00033267436695740433,0.021661484920500584,0.00033592417498791986,160000,LOFAR,Unknown,0.001666666666666667,0.001666666666666667,JY/BEAM,0.021661484920500584,"(np.int64(74), np.int64(67))",5.379894835721181e-05,402.6377017014095
J1347+5022,NAT,206.754292,50.371639,./agn_cutouts/agn_J1347+5022_NAT_ra206.754292_dec50.371639.fits,agn_J1347+5022_NAT_ra206.754292_dec50.371639.fits,processed,1.2249755859375,"(400, 400)",3.263569345158985e-05,0.0007936122654381092,-0.0009221791043363114,0.08531268910617593,0.0007942830203025077,160000,LOFAR,Unknown,0.001666666666666667,0.001666666666666667,JY/BEAM,0.08531268910617593,"(np.int64(263), np.int64(323))",5.3615741527253786e-05,1591.1873393154517
J1431+5518,NAT,217.818042,55.313861,./agn_cutouts/agn_J1431+5518_NAT_ra217.818042_dec55.313861.fits,agn_J1431+5518_NAT_ra217.818042_dec55.313861.fits,processed,1.2249755859375,"(400, 400)",7.135535959960588e-05,0.0015590278057957942,-0.0007439036505551571,0.06809575106034804,0.001560659888184494,160000,LOFAR,Unknown,0.001666666666666667,0.001666666666666667,JY/BEAM,0.06809575106034804,"(np.int64(382), np.int64(16))",5.552115443732968e-05,1226.4829820354712
J1505+4706,NAT,226.410292,47.106222,./agn_cutouts/agn_J1505+4706_NAT_ra226.410292_dec47.106222.fits,agn_J1505+4706_NAT_ra226.410292_dec47.106222.fits,processed,1.2249755859375,"(400, 400)",0.00015052860640728512,0.001792695866155114,-0.001524670264277653,0.12730080085150455,0.0017990045385925394,160000,LOFAR,Unknown,0.001666666666666667,0.001666666666666667,JY/BEAM,0.12730080085150455,"(np.int64(292), np.int64(389))",9.033937659273408e-05,1409.1396869539972
J1506+5311,NAT,226.512917,53.185917,./agn_cutouts/agn_J1506+5311_NAT_ra226.512917_dec53.185917.fits,agn_J1506+5311_NAT_ra226.512917_dec53.185917.fits,processed,1.2249755859375,"(400, 400)",4.059539531960731e-05,0.0002428480648285579,-0.00041444017405986496,0.0099819326684787,0.0002462177262345882,160000,LOFAR,Unknown,0.001666666666666667,0.001666666666666667,JY/BEAM,0.0099819326684787,"(np.int64(199), np.int64(202))",7.240751351964854e-05,137.85769160226718
J1510+5146,NAT,227.5145,51.774472,./agn_cutouts/agn_J1510+5146_NAT_ra227.5145_dec51.774472.fits,agn_J1510+5146_NAT_ra227.5145_dec51.774472.fits,processed,1.2249755859375,"(400, 400)",3.912339101672314e-05,0.000319062834743935,-0.0002996355888205584,0.01207411638672292,0.0003214525349713126,160000,LOFAR,Unknown,0.001666666666666667,0.001666666666666667,JY/BEAM,0.01207411638672292,"(np.int64(399), np.int64(326))",6.143868710006256e-05,196.52302086238146
