logL,logRho
24.00202224469161,-3.8341772151898734
24.00808897876643,-3.8430379746835444
24.014155712841255,-3.8430379746835444
24.020222446916076,-3.8341772151898734
24.0262891809909,-3.8341772151898734
24.03235591506572,-3.8430379746835444
24.038422649140546,-3.8430379746835444
24.04448938321537,-3.8430379746835444
24.050556117290192,-3.8518987341772153
24.056622851365017,-3.8341772151898734
24.062689585439838,-3.8253164556962025
24.068756319514662,-3.8164556962025316
24.074823053589483,-3.8253164556962025
24.080889787664308,-3.8253164556962025
24.08695652173913,-3.8518987341772153
24.093023255813954,-3.8696202531645567
24.099089989888775,-3.8873417721518986
24.1051567239636,-3.8873417721518986
24.111223458038424,-3.8873417721518986
24.117290192113245,-3.8962025316455695
24.12335692618807,-3.8962025316455695
24.12942366026289,-3.8962025316455695
24.135490394337715,-3.8962025316455695
24.141557128412536,-3.8873417721518986
24.14762386248736,-3.8962025316455695
24.153690596562186,-3.8962025316455695
24.159757330637007,-3.8962025316455695
24.16582406471183,-3.9139240506329114
24.171890798786652,-3.9050632911392404
24.177957532861477,-3.9050632911392404
24.184024266936298,-3.8962025316455695
24.190091001011123,-3.9050632911392404
24.196157735085947,-3.9050632911392404
24.202224469160768,-3.9050632911392404
24.208291203235593,-3.8962025316455695
24.214357937310414,-3.8962025316455695
24.22042467138524,-3.8962025316455695
24.22649140546006,-3.8962025316455695
24.232558139534884,-3.8962025316455695
24.23862487360971,-3.9050632911392404
24.24469160768453,-3.9139240506329114
24.25075834175935,-3.9316455696202532
24.256825075834175,-3.9316455696202532
24.262891809909,-3.9405063291139237
24.26895854398382,-3.9405063291139237
24.275025278058646,-3.9493670886075947
24.281092012133467,-3.9493670886075947
24.28715874620829,-3.9670886075949365
24.293225480283112,-3.9759493670886075
24.299292214357937,-3.9848101265822784
24.30535894843276,-3.9848101265822784
24.311425682507583,-3.9936708860759493
24.317492416582407,-3.9848101265822784
24.32355915065723,-3.9848101265822784
24.329625884732053,-3.9848101265822784
24.335692618806874,-3.9759493670886075
24.3417593528817,-3.9759493670886075
24.347826086956523,-3.9848101265822784
24.353892821031344,-3.9848101265822784
24.35995955510617,-3.9759493670886075
24.36602628918099,-3.9670886075949365
24.372093023255815,-3.9582278481012656
24.378159757330636,-3.9670886075949365
24.38422649140546,-3.9670886075949365
24.390293225480285,-3.9848101265822784
24.396359959555106,-3.9936708860759493
24.40242669362993,-4.011392405063291
24.40849342770475,-4.011392405063291
24.414560161779576,-4.020253164556962
24.420626895854397,-4.020253164556962
24.426693629929222,-4.020253164556962
24.432760364004046,-4.029113924050633
24.438827098078868,-4.029113924050633
24.44489383215369,-4.037974683544304
24.450960566228513,-4.037974683544304
24.457027300303338,-4.037974683544304
24.46309403437816,-4.046835443037975
24.469160768452983,-4.046835443037975
24.475227502527805,-4.046835443037975
24.48129423660263,-4.055696202531646
24.48736097067745,-4.064556962025317
24.493427704752275,-4.064556962025317
24.4994944388271,-4.064556962025317
24.50556117290192,-4.064556962025317
24.511627906976745,-4.082278481012658
24.517694641051566,-4.073417721518988
24.52376137512639,-4.055696202531646
24.529828109201212,-4.055696202531646
24.535894843276036,-4.055696202531646
24.54196157735086,-4.055696202531646
24.548028311425682,-4.055696202531646
24.554095045500507,-4.073417721518988
24.560161779575328,-4.1
24.566228513650152,-4.1088607594936715
24.572295247724973,-4.1088607594936715
24.578361981799798,-4.1088607594936715
24.584428715874623,-4.1177215189873415
24.590495449949444,-4.1177215189873415
24.59656218402427,-4.1177215189873415
24.60262891809909,-4.126582278481013
24.608695652173914,-4.126582278481013
24.614762386248735,-4.135443037974683
24.62082912032356,-4.135443037974683
24.62689585439838,-4.144303797468355
24.632962588473205,-4.144303797468355
24.63902932254803,-4.144303797468355
24.64509605662285,-4.153164556962025
24.651162790697676,-4.153164556962025
24.657229524772497,-4.162025316455696
24.66329625884732,-4.162025316455696
24.669362992922142,-4.179746835443038
24.675429726996967,-4.188607594936709
24.681496461071788,-4.206329113924051
24.687563195146613,-4.206329113924051
24.693629929221437,-4.206329113924051
24.69969666329626,-4.206329113924051
24.705763397371083,-4.206329113924051
24.711830131445904,-4.19746835443038
24.71789686552073,-4.19746835443038
24.72396359959555,-4.206329113924051
24.730030333670374,-4.206329113924051
24.7360970677452,-4.215189873417722
24.74216380182002,-4.215189873417722
24.748230535894844,-4.215189873417722
24.754297269969666,-4.224050632911393
24.76036400404449,-4.224050632911393
24.76643073811931,-4.224050632911393
24.772497472194136,-4.232911392405063
24.77856420626896,-4.232911392405063
24.78463094034378,-4.241772151898735
24.790697674418606,-4.241772151898735
24.796764408493427,-4.250632911392405
24.80283114256825,-4.250632911392405
24.808897876643073,-4.259493670886076
24.814964610717897,-4.259493670886076
24.82103134479272,-4.259493670886076
24.827098078867543,-4.472151898734177
24.833164812942364,-4.489873417721519
24.83923154701719,-4.977215189873418
24.845298281092013,-4.977215189873418
24.851365015166834,-4.977215189873418
24.85743174924166,-4.977215189873418
24.86349848331648,-4.472151898734177
24.869565217391305,-4.30379746835443
24.875631951466126,-4.30379746835443
24.88169868554095,-4.30379746835443
24.887765419615775,-4.30379746835443
24.893832153690596,-4.312658227848101
24.89989888776542,-4.312658227848101
24.90596562184024,-4.321518987341772
24.912032355915066,-4.321518987341772
24.918099089989887,-4.330379746835443
24.924165824064712,-4.330379746835443
24.930232558139537,-4.330379746835443
24.936299292214358,-4.339240506329114
24.942366026289182,-4.339240506329114
24.948432760364003,-4.339240506329114
24.954499494438828,-4.348101265822785
24.96056622851365,-4.356962025316456
24.966632962588474,-4.356962025316456
24.972699696663298,-4.356962025316456
24.97876643073812,-4.339240506329114
24.98483316481294,-4.339240506329114
24.990899898887765,-4.339240506329114
24.99696663296259,-4.330379746835443
25.00303336703741,-4.330379746835443
25.009100101112235,-4.330379746835443
25.01516683518706,-4.330379746835443
25.136501516683516,-4.507594936708861
25.14256825075834,-4.507594936708861
25.148634984833166,-4.507594936708861
25.154701718907987,-4.507594936708861
25.16076845298281,-4.507594936708861
25.166835187057636,-4.516455696202531
25.172901921132457,-4.516455696202531
25.288169868554096,-4.622784810126582
25.294236602628917,-4.631645569620253
25.30030333670374,-4.631645569620253
25.306370070778563,-4.631645569620253
25.312436804853387,-4.631645569620253
25.318503538928212,-4.631645569620253
25.324570273003033,-4.631645569620253
25.330637007077858,-4.631645569620253
25.506572295247725,-4.782278481012659
25.51263902932255,-4.782278481012659
25.51870576339737,-4.782278481012659
25.524772497472195,-4.791139240506329
25.530839231547017,-4.808860759493671
25.53690596562184,-5.039240506329113
25.542972699696662,-5.039240506329113
25.597573306370073,-4.888607594936708
25.603640040444894,-4.879746835443038
25.609706774519715,-4.879746835443038
25.61577350859454,-4.879746835443038
25.621840242669364,-4.888607594936708
25.627906976744185,-4.89746835443038
25.63397371081901,-5.1367088607594935
25.64004044489383,-4.888607594936708
25.646107178968656,-4.888607594936708
25.652173913043477,-4.888607594936708
25.6582406471183,-4.888607594936708
25.664307381193126,-4.89746835443038
25.670374115267947,-4.90632911392405
25.67644084934277,-4.90632911392405
25.682507583417593,-4.915189873417722
25.688574317492417,-5.181012658227848
25.69464105156724,-5.455696202531646
25.700707785642063,-5.455696202531646
25.706774519716888,-5.19873417721519
25.71284125379171,-5.455696202531646
25.71890798786653,-5.446835443037974
25.724974721941354,-5.464556962025316
25.73104145601618,-5.464556962025316
25.737108190091,-5.455696202531646
25.743174924165825,-5.446835443037974
25.74924165824065,-5.446835443037974
25.75530839231547,-4.959493670886076
25.761375126390295,-4.959493670886076
25.767441860465116,-4.959493670886076
25.77350859453994,-4.959493670886076
25.77957532861476,-4.959493670886076
25.785642062689586,-4.977215189873418
25.791708796764407,-5.5620253164556965
25.797775530839232,-5.5708860759493675
25.803842264914053,-5.553164556962026
25.809908998988877,-5.5620253164556965
25.815975733063702,-5.5620253164556965
25.822042467138523,-5.5708860759493675
25.828109201213348,-5.5797468354430375
25.83417593528817,-5.5797468354430375
25.840242669362993,-5.5886075949367084
25.846309403437814,-5.597468354430379
25.85237613751264,-5.60632911392405
25.858442871587464,-5.60632911392405
25.864509605662285,-5.615189873417721
25.87057633973711,-5.624050632911392
25.87664307381193,-5.632911392405063
25.882709807886755,-5.632911392405063
25.888776541961576,-5.641772151898734
25.8948432760364,-5.650632911392405
25.900910010111225,-5.650632911392405
25.906976744186046,-5.641772151898734
25.91304347826087,-5.641772151898734
25.919110212335692,-5.641772151898734
25.925176946410517,-5.650632911392405
25.931243680485338,-5.659493670886076
25.937310414560162,-5.668354430379747
25.943377148634987,-5.677215189873418
25.949443882709808,-5.703797468354431
25.95551061678463,-5.7126582278481015
25.961577350859454,-5.7126582278481015
25.96764408493428,-5.721518987341772
25.9737108190091,-5.7303797468354425
25.979777553083924,-5.739240506329113
25.985844287158745,-5.739240506329113
25.99191102123357,-5.748101265822784
25.99797775530839,-5.756962025316455
26.004044489383215,-5.765822784810126
26.01011122345804,-5.765822784810126
26.01617795753286,-5.774683544303797
26.022244691607685,-5.783544303797468
26.028311425682507,-5.792405063291139
26.03437815975733,-5.80126582278481
26.040444893832152,-5.80126582278481
26.046511627906977,-5.792405063291139
26.0525783619818,-5.80126582278481
26.058645096056622,-5.783544303797468
26.064711830131444,-5.783544303797468
26.070778564206268,-5.234177215189874
26.076845298281093,-5.234177215189874
26.082912032355914,-5.260759493670886
26.08897876643074,-5.872151898734177
26.095045500505563,-5.8810126582278475
26.101112234580384,-5.872151898734177
26.10717896865521,-5.872151898734177
26.11324570273003,-5.8810126582278475
26.119312436804854,-5.889873417721519
26.125379170879675,-5.898734177215189
26.1314459049545,-5.898734177215189
26.137512639029325,-5.907594936708861
26.143579373104146,-5.916455696202531
26.149646107178967,-5.925316455696203
26.15571284125379,-5.925316455696203
26.161779575328616,-5.934177215189873
26.167846309403437,-5.943037974683545
26.17391304347826,-5.943037974683545
26.179979777553086,-5.951898734177215
26.186046511627907,-5.960759493670887
26.19211324570273,-5.969620253164557
26.198179979777553,-5.969620253164557
26.204246713852378,-5.960759493670887
26.2103134479272,-5.969620253164557
26.21638018200202,-5.402531645569621
26.222446916076844,-5.402531645569621
26.22851365015167,-5.367088607594937
26.23458038422649,-5.358227848101266
26.240647118301315,-5.375949367088608
26.24671385237614,-5.978481012658229
26.25278058645096,-5.9962025316455705
26.258847320525785,-6.0050632911392405
26.264914054600606,-6.022784810126582
26.27098078867543,-6.0316455696202524
26.27704752275025,-6.040506329113924
26.283114256825076,-6.040506329113924
26.2891809908999,-6.049367088607594
26.295247724974722,-6.058227848101266
26.301314459049543,-6.067088607594936
26.307381193124368,-6.067088607594936
26.313447927199192,-6.084810126582278
26.319514661274013,-6.084810126582278
26.325581395348838,-6.084810126582278
26.331648129423662,-6.10253164556962
26.337714863498483,-6.10253164556962
26.343781597573305,-6.10253164556962
26.34984833164813,-6.120253164556962
26.355915065722954,-6.111392405063292
26.361981799797775,-6.111392405063292
26.3680485338726,-5.508860759493671
26.37411526794742,-5.517721518987342
26.380182002022245,-5.491139240506329
26.386248736097066,-5.5
26.39231547017189,-5.508860759493671
26.398382204246715,-5.836708860759494
26.404448938321536,-5.872151898734177
26.41051567239636,-6.1468354430379755
26.416582406471182,-6.1556962025316455
26.422649140546007,-6.191139240506329
26.428715874620828,-6.191139240506329
26.434782608695652,-6.2
26.440849342770477,-6.208860759493671
26.446916076845298,-6.217721518987342
26.45298281092012,-6.217721518987342
26.459049544994944,-6.226582278481013
26.46511627906977,-6.235443037974684
26.47118301314459,-6.235443037974684
26.477249747219414,-6.244303797468355
26.48331648129424,-6.253164556962026
26.48938321536906,-6.253164556962026
26.49544994944388,-6.262025316455697
26.501516683518705,-6.270886075949368
26.50758341759353,-6.279746835443039
26.51365015166835,-6.2886075949367095
26.519716885743176,-6.270886075949368
26.525783619817997,-5.69493670886076
26.53185035389282,-5.677215189873418
26.537917087967642,-5.659493670886076
26.543983822042467,-5.659493670886076
26.55005055611729,-5.677215189873418
26.556117290192113,-5.668354430379747
26.562184024266937,-5.686075949367089
26.56825075834176,-6.341772151898734
26.574317492416583,-6.350632911392405
26.580384226491404,-6.350632911392405
26.58645096056623,-6.359493670886076
26.592517694641053,-6.359493670886076
26.598584428715874,-6.368354430379747
26.6046511627907,-6.377215189873418
26.61071789686552,-6.386075949367089
26.616784630940344,-6.39493670886076
26.622851365015165,-6.39493670886076
26.62891809908999,-6.403797468354431
26.634984833164815,-6.412658227848102
26.641051567239636,-6.412658227848102
26.647118301314457,-6.421518987341773
26.65318503538928,-6.4303797468354436
26.659251769464106,-6.4392405063291145
26.665318503538927,-6.4481012658227845
26.67138523761375,-6.4481012658227845
26.677451971688576,-6.4303797468354436
26.683518705763397,-6.182278481012658
26.68958543983822,-6.4392405063291145
26.695652173913043,-6.4392405063291145
26.701718907987868,-6.4481012658227845
26.70778564206269,-6.4481012658227845
26.713852376137513,-6.465822784810126
26.719919110212338,-6.492405063291139
26.72598584428716,-6.492405063291139
26.73205257836198,-6.510126582278481
26.738119312436805,-6.527848101265823
26.74418604651163,-6.527848101265823
26.75025278058645,-6.536708860759494
26.756319514661275,-6.536708860759494
26.762386248736096,-6.545569620253165
26.76845298281092,-6.554430379746836
26.77451971688574,-6.563291139240507
26.780586450960566,-6.572151898734178
26.78665318503539,-6.5810126582278485
26.792719919110212,-6.5810126582278485
26.798786653185033,-6.5898734177215195
26.804853387259858,-6.5987341772151895
26.810920121334682,-6.5987341772151895
26.816986855409503,-6.5987341772151895
26.823053589484328,-6.5987341772151895
26.829120323559152,-6.120253164556962
26.835187057633973,-6.120253164556962
26.841253791708798,-6.084810126582278
26.84732052578362,-6.084810126582278
26.853387259858444,-6.10253164556962
26.859453993933265,-6.111392405063292
26.86552072800809,-6.040506329113924
26.871587462082914,-6.651898734177215
26.877654196157735,-6.651898734177215
26.883720930232556,-6.669620253164557
26.88978766430738,-6.678481012658228
26.895854398382205,-6.678481012658228
26.901921132457026,-6.687341772151899
26.90798786653185,-6.69620253164557
26.914054600606676,-6.705063291139241
26.920121334681497,-6.713924050632912
26.926188068756318,-6.722784810126583
26.932254802831142,-6.758227848101265
26.938321536905967,-6.758227848101265
26.944388270980788,-6.758227848101265
26.950455005055613,-6.767088607594936
26.956521739130434,-6.767088607594936
26.96258847320526,-6.767088607594936
26.96865520728008,-6.775949367088607
26.974721941354904,-6.775949367088607
26.98078867542973,-6.775949367088607
26.98685540950455,-6.332911392405063
26.992922143579374,-6.324050632911392
26.998988877654195,-6.324050632911392
27.00505561172902,-6.324050632911392
27.01112234580384,-6.377215189873418
27.017189079878666,-6.775949367088607
27.02325581395349,-6.660759493670886
27.02932254802831,-6.80253164556962
27.035389282103132,-6.829113924050633
27.041456016177957,-6.820253164556962
27.04752275025278,-6.820253164556962
27.053589484327603,-6.811392405063291
27.059656218402427,-6.820253164556962
27.065722952477252,-6.829113924050633
27.071789686552073,-6.837974683544304
27.077856420626894,-6.846835443037975
27.08392315470172,-6.837974683544304
27.089989888776543,-6.864556962025317
27.096056622851364,-6.855696202531646
27.10212335692619,-6.8822784810126585
27.10819009100101,-6.8822784810126585
27.114256825075834,-6.8822784810126585
27.120323559150656,-6.4569620253164555
27.12639029322548,-6.660759493670886
27.132457027300305,-6.643037974683544
27.138523761375126,-6.5898734177215195
27.14459049544995,-6.5987341772151895
27.150657229524775,-6.5810126582278485
27.156723963599596,-6.5810126582278485
27.162790697674417,-6.616455696202531
27.16885743174924,-6.616455696202531
27.174924165824066,-6.572151898734178
27.180990899898887,-6.5898734177215195
27.187057633973712,-6.5987341772151895
27.193124368048533,-6.713924050632912
27.199191102123358,-6.713924050632912
27.20525783619818,-6.669620253164557
27.211324570273003,-6.7316455696202535
27.217391304347828,-6.616455696202531
27.22345803842265,-6.678481012658228
27.22952477249747,-6.722784810126583
27.235591506572295,-6.740506329113924
27.24165824064712,-6.7493670886075945
27.24772497472194,-6.7493670886075945
27.253791708796765,-6.740506329113924
27.25985844287159,-6.758227848101265
27.26592517694641,-6.775949367088607
27.27199191102123,-6.625316455696202
27.278058645096056,-6.643037974683544
27.28412537917088,-6.705063291139241
27.290192113245702,-6.793670886075949
27.296258847320527,-6.820253164556962
27.30232558139535,-6.855696202531646
27.308392315470172,-6.90886075949367
27.314459049544993,-6.8999999999999995
27.320525783619818,-6.917721518987341
27.326592517694642,-6.944303797468354
27.332659251769464,-6.8822784810126585
27.338725985844288,-6.8734177215189876
27.34479271991911,-6.820253164556962
27.350859453993934,-6.837974683544304
27.356926188068755,-6.846835443037975
27.36299292214358,-6.864556962025317
27.369059656218404,-6.8822784810126585
27.375126390293225,-6.8822784810126585
27.381193124368046,-6.8822784810126585
27.38725985844287,-6.837974683544304
27.393326592517695,-6.8911392405063285
27.399393326592516,-6.8911392405063285
27.40546006066734,-6.917721518987341
27.411526794742166,-6.90886075949367
27.417593528816987,-6.944303797468354
27.423660262891808,-6.944303797468354
27.429726996966632,-6.979746835443038
27.435793731041457,-6.99746835443038
27.441860465116278,-7.032911392405063
27.447927199191103,-7.059493670886075
27.453993933265927,-7.094936708860759
27.46006066734075,-7.112658227848101
27.46612740141557,-7.10379746835443
27.472194135490394,-7.112658227848101
27.47826086956522,-7.112658227848101
27.48432760364004,-7.094936708860759
27.490394337714864,-7.059493670886075
27.496461071789685,-7.032911392405063
27.50252780586451,-7.0506329113924044
27.50859453993933,-7.0506329113924044
27.514661274014156,-7.112658227848101
27.52072800808898,-7.112658227848101
27.5267947421638,-7.10379746835443
27.532861476238622,-7.10379746835443
27.538928210313447,-7.094936708860759
27.54499494438827,-7.112658227848101
27.551061678463093,-7.112658227848101
27.557128412537917,-7.165822784810127
27.563195146612742,-7.1835443037974684
27.569261880687563,-7.20126582278481
27.575328614762388,-7.218987341772152
27.58139534883721,-7.227848101265822
27.587462082912033,-7.245569620253164
27.593528816986854,-7.254430379746836
27.59959555106168,-7.263291139240506
27.605662285136503,-7.281012658227848
27.611729019211324,-7.28987341772152
27.617795753286146,-7.29873417721519
27.62386248736097,-7.3164556962025316
27.629929221435795,-7.3253164556962025
27.635995955510616,-7.334177215189873
27.64206268958544,-7.351898734177215
27.648129423660265,-7.360759493670886
27.654196157735086,-7.378481012658228
27.660262891809907,-7.387341772151899
27.66632962588473,-7.39620253164557
27.672396359959556,-7.431645569620254
27.678463094034377,-7.431645569620254
27.684529828109202,-7.422784810126583
27.690596562184023,-7.431645569620254
27.696663296258848,-7.413924050632912
27.70273003033367,-7.484810126582278
